제품 이름,식품 분류
마이노멀 블루베리잼,잼류
마이노멀 딸기잼,잼류
캔딜라스 스테비아 오렌지 마멀레이드잼,잼류
캔딜라스 스테비아 딸기잼,잼류
캔딜라스 스테비아 코르넬리안 체리잼,잼류
캔딜라스 스테비아 살구잼,잼류
캔딜라스 스테비아 산 속 과일잼,잼류
캔딜라스 스테비아 석류잼,잼류
굿굿 스위트잼 위드 스테비아 스트로베리,잼류
굿굿 스위트잼 위드 스테비아 블루베리,잼류
헬리오스 무가당 포레스트잼,잼류
헬리오스 무가당 엑스트라 블루베리잼,잼류
헬리오스 무가당 엑스트라 복숭아잼,잼류
헬리오스 무가당 엑스트라 망고잼,잼류
복음자리 잼다운 잼 딸기,잼류
복음자리 잼다운 잼 블루베리&블랙커런트,잼류
잇츠잼 알룰로스 저칼로리 블루베리잼,잼류
잇츠잼 알룰로스 저칼로리 사과잼,잼류
잇츠잼 알룰로스 저칼로리 무화과잼,잼류
잇츠잼 알룰로스 저칼로리 복숭아잼,잼류
무화당 블루베리잼,잼류
무화당 초코잼,잼류
마이노멀 케찹,조미식품류
마이노멀 마요네즈,조미식품류
마이노멀 머스타드,조미식품류
VIVID KITCHEN 저칼로리양념치킨소스,조미식품류
VIVID KITCHEN 저칼로리데리야끼소스,조미식품류
VIVID KITCHEN 저칼로리스위트칠리소스,조미식품류
VIVID KITCHEN 저칼로리바베큐소스,조미식품류
VIVID KITCHEN 저칼로리토타토케첩,조미식품류
VIVID KITCHEN 저칼로리머스타드소스,조미식품류
VIVID KITCHEN 저당 굴소스,조미식품류
VIVID KITCHEN 저당마라소스,조미식품류
아임키토 저당 고추장 소스,조미식품류
프레쉬홈 저칼로리 소스 바베큐,조미식품류
프레쉬홈 저칼로리 소스 머스타드,조미식품류
프레쉬홈 저칼로리 소스 스위트칠리,조미식품류
오뚜기 오리엔탈 저칼로리 드레싱,조미식품류
오뚜기 그린애플발사믹 저칼로리 드레싱,조미식품류
오뚜기 키위 저칼로리 드레싱,조미식품류
탐스제로 사과 키위 355ml,음료류
탐스제로 레몬 355ml,음료류
탐스제로 파인애플 355ml,음료류
스프라이트 제로 355ml,음료류
나랑드사이다,음료류
몬스터 제로슈거,음료류
광동 비타 500 제로,음료류
슈가로로 스파클링 샤인머스켓,음료류
슈가로로 스파클링 사과맛,음료류
슈가로로 스파클링 레몬사이다,음료류
티즐 제로 자몽블랙티,음료류
동원 보성홍차 아이스티 제로 복숭아,음료류
동원 보성홍차 아이스티 제로 레몬,음료류
밀키스 제로 ,음료류
아임키토 저당 고추장 소스,조미식품류
무화당 고추장,조미식품류
무화당 초고추장 소스,조미식품류
무화당만능고추장,조미식품류
초코리얼씨리얼,농산가공식품류
말차리얼씨리얼,농산가공식품류
프로틴바 요거치즈,"과자류, 빵류 또는 떡류"
제로당 바닐라크림롤,"과자류, 빵류 또는 떡류"
제로당 초코크림롤,"과자류, 빵류 또는 떡류"
당을 줄인 맛짱,"과자류, 빵류 또는 떡류"
당을 줄인 트위스트과자,"과자류, 빵류 또는 떡류"
당을 줄인 왕소라형과자,"과자류, 빵류 또는 떡류"
당을 줄인 고구마형과자,"과자류, 빵류 또는 떡류"
요거트비스켓 (저지방요거트4% 함유),"과자류, 빵류 또는 떡류"
라칸토캔디(페퍼민트맛),"과자류, 빵류 또는 떡류"
라칸토캔디(커피우유맛),"과자류, 빵류 또는 떡류"
라칸토캔디(블루베리맛),"과자류, 빵류 또는 떡류"
라칸토캔디(딸기우유맛),"과자류, 빵류 또는 떡류"
라칸토캔디(요거트맛),"과자류, 빵류 또는 떡류"
제로 초콜릿 스위트,"코코아 가공품, 초콜릿류"
제로 초콜릿칩 쿠키,"코코아 가공품, 초콜릿류"
제로 카카오 케이크,"코코아 가공품, 초콜릿류"
제로 브라우니,"코코아 가공품, 초콜릿류"
몽쉘 제로,"코코아 가공품, 초콜릿류"
제로 크런치 초코,"코코아 가공품, 초콜릿류"
맥콜 제로,주류
진로 제로슈거,주류
제로스쿱 쇼콜라홀릭,빙과류
스키니피그 쑥떡 파인트 아이스크림,빙과류
스키니피그 초콜릿 파인트 아이스크림,빙과류
스키니피그 팥떡 파인트 아이스크림,빙과류
스키니피그 흑임자떡 파인트 아이스크림,빙과류
스키니피그 쿠키앤크림 파인트 아이스크림,빙과류
스키니피그 바닐라빈 파인트 아이스크림,빙과류
스키니피그 솔티드카라멜 파인트 아이스크림,빙과류
스키니피그 녹차 파인트 아이스크림,빙과류
스키니피그 그린애플샤베트 파인트 아이스크림,빙과류
스키니피그 민트초코 파인트 아이스크림,빙과류
스키니피그 딸기 파인트 아이스크림,빙과류
스키니피그 핑크솔트 모나카,빙과류
라라스윗 초코모나카,빙과류
라라스윗 생우유모나카,빙과류
라라스윗 치즈케이크 파인트 아이스크림,빙과류
라라스윗 녹차 파인트 아이스크림,빙과류
라라스윗 초코 파인트 아이스크림,빙과류
라라스윗 민트초코 파인트 아이스크림,빙과류
라라스윗 바닐라빈 파인트 아이스크림,빙과류
라라스윗 쿠키앤크림 파인트 아이스크림,빙과류
라라스윗 딸기 파인트 아이스크림,빙과류
라라스윗 빵샌드,빙과류
저당 소고기가지된장볶음 세트,즉석섭취식품류
저당 소고기렌틸콩오크라볶음 세트,즉석섭취식품류
저당 숙주부추소불고기 세트,즉석섭취식품류
저당 쌈장돼지고기주물럭 세트,즉석섭취식품류
저당 오야꼬동 세트,즉석섭취식품류
저당 쿵파오쉬림프 세트,즉석섭취식품류
저당 토마토소스찜닭 세트,즉석섭취식품류
저당식단 고사리소불고기 세트,즉석섭취식품류
저당 오리향채소불고기 세트,즉석섭취식품류
저당 닭살버섯로제소스볶음 세트,즉석섭취식품류
저당 소고기파래조림 세트,즉석섭취식품류
케어온 당밸런스,음료류
저당 계피마늘찜닭 세트,즉석섭취식품류
저당 구운레몬치킨 세트,즉석섭취식품류
저당 돼지고기애호박짜글이 세트,즉석섭취식품류
저당 두부구이/버섯데리야끼볶음 세트,즉석섭취식품류
저당 매콤주꾸미마늘종볶음 세트,즉석섭취식품류
저당 메밀오징어볶음 세트,즉석섭취식품류
저당 민들레닭살볶음 세트,즉석섭취식품류
저당 버섯팔보채 세트,즉석섭취식품류
드림카카오제로,"코코아 가공품, 초콜릿류"
클라우드 클리어제로,주류
비피더스 지방제로 플레인,음료류
서울우유 요구르트 제로,음료류
제로 후르츠 젤리,"과자류, 빵류 또는 떡류"
파리콜라 제로,음료류
부르르 제로콜라,음료류
부르르 제로사이다,음료류
815콜라 제로,음료류
링티 제로 복숭아맛,음료류
펩시제로슈거라임향,음료류
칠성사이다제로,음료류
제로 초콜릿 스위트,"코코아 가공품, 초콜릿류"
탐사 제로사이다,음료류
제로 브라우니,"과자류, 빵류 또는 떡류"
제로 브라우니샌드,"과자류, 빵류 또는 떡류"
제로 스콘,"과자류, 빵류 또는 떡류"
제로 앙버터스콘,"과자류, 빵류 또는 떡류"
제로 초코타르트,"과자류, 빵류 또는 떡류"
제로 카스테라,"과자류, 빵류 또는 떡류"
제로 크림치즈타르트,"과자류, 빵류 또는 떡류"
제로와플(코코넛),"과자류, 빵류 또는 떡류"
코카콜라 제로,음료류
스프라이트 제로,음료류
액티비아 팻제로 드링크 복숭아,음료류
액티비아 팻제로 드링크 딸기,음료류
모닝제로,음료류
비피더스 지방제로 세븐베리,음료류
제로 초콜릿 엑스퍼트,"코코아 가공품, 초콜릿류"
제로스콘 크럼블,"과자류, 빵류 또는 떡류"
제로쌀스콘 카카오,"과자류, 빵류 또는 떡류"
제로스콘 단호박,"과자류, 빵류 또는 떡류"
제로스콘 흑임자,"과자류, 빵류 또는 떡류"
